producto_id,sucursal_id,precio_abril,precio_mayo,aumento,empresa,cadena,provincia,marca,cat_principal,fabricante,nombre_producto,nombre_sucursal,direccion
7790387113310,12-1-220,83,89.7,8.072289156626509,Coto Centro Integral de Comercialización S.A.,COTO CICSA,Ciudad Autónoma de Buenos Aires,TARAGUI,Almacen,NA,Yerba Mate con Palo Origen Controlado Taragui 1 Kg,BARRACAS,Gaspar M De Jovellanos 151
7790387113310,29-1-5,77.9,89.9,15.404364569961489,Josimar S.A.,JOSIMAR SUPERMERCADOS,Ciudad Autónoma de Buenos Aires,TARAGUI,Almacen,NA,Yerba Mate con Palo Origen Controlado Taragui 1 Kg,JOSIMAR,Av Montes De Oca 1597
7790387113310,10-3-557,91,90,-1.098901098901099,INC S.A.,Express,Ciudad Autónoma de Buenos Aires,TARAGUI,Almacen,NA,Yerba Mate con Palo Origen Controlado Taragui 1 Kg,Arzobispo Espinosa 1187,Arzobispo Espinosa 1187
7793704000225,12-1-220,95,95,0,Coto Centro Integral de Comercialización S.A.,COTO CICSA,Ciudad Autónoma de Buenos Aires,PLAYADITO,Almacen,NA,Yerba Mate con Palo Playadito 1 Kg,BARRACAS,Gaspar M De Jovellanos 151
7793704000225,29-1-5,75,86.9,15.866666666666672,Josimar S.A.,JOSIMAR SUPERMERCADOS,Ciudad Autónoma de Buenos Aires,PLAYADITO,Almacen,NA,Yerba Mate con Palo Playadito 1 Kg,JOSIMAR,Av Montes De Oca 1597
7793704000225,10-3-557,94,101,7.446808510638298,INC S.A.,Express,Ciudad Autónoma de Buenos Aires,PLAYADITO,Almacen,NA,Yerba Mate con Palo Playadito 1 Kg,Arzobispo Espinosa 1187,Arzobispo Espinosa 1187
7506295302292,12-1-220,57.19,57.19,0,Coto Centro Integral de Comercialización S.A.,COTO CICSA,Ciudad Autónoma de Buenos Aires,HERBAL ESSENCES,Mamas y bebes,NA,Shampoo Hidradisiaco Herbal Essences 300 Ml,BARRACAS,Gaspar M De Jovellanos 151
7506295302292,29-1-5,46.89,46.89,0,Josimar S.A.,JOSIMAR SUPERMERCADOS,Ciudad Autónoma de Buenos Aires,HERBAL ESSENCES,Mamas y bebes,NA,Shampoo Hidradisiaco Herbal Essences 300 Ml,JOSIMAR,Av Montes De Oca 1597
7791293030777,12-1-220,61.99,68.79,10.969511211485731,Coto Centro Integral de Comercialización S.A.,COTO CICSA,Ciudad Autónoma de Buenos Aires,SEDAL,Mamas y bebes,Unilever,Shampoo Ceramidas Sedal 340 Ml,BARRACAS,Gaspar M De Jovellanos 151
7790742163905,12-1-220,67.75,67.75,0,Coto Centro Integral de Comercialización S.A.,COTO CICSA,Ciudad Autónoma de Buenos Aires,FINLANDIA,Fiambreria,NA,Queso Untable Finlandia 300 Gr,BARRACAS,Gaspar M De Jovellanos 151
7790742163905,29-1-5,59.9,63,5.175292153589318,Josimar S.A.,JOSIMAR SUPERMERCADOS,Ciudad Autónoma de Buenos Aires,FINLANDIA,Fiambreria,NA,Queso Untable Finlandia 300 Gr,JOSIMAR,Av Montes De Oca 1597
7791337120204,12-1-220,54.29,57.45,5.820593111070185,Coto Centro Integral de Comercialización S.A.,COTO CICSA,Ciudad Autónoma de Buenos Aires,CASANCREM,Fiambreria,NA,Queso Crema Untable Clasico Casancrem 300 Gr,BARRACAS,Gaspar M De Jovellanos 151
7791337120204,29-1-5,42,48,14.285714285714286,Josimar S.A.,JOSIMAR SUPERMERCADOS,Ciudad Autónoma de Buenos Aires,CASANCREM,Fiambreria,NA,Queso Crema Untable Clasico Casancrem 300 Gr,JOSIMAR,Av Montes De Oca 1597
7790250019565,12-1-220,52.49,57.74,10.001905124785672,Coto Centro Integral de Comercialización S.A.,COTO CICSA,Ciudad Autónoma de Buenos Aires,HIGIENOL,NA,NA,Papel Higienico Doble Hoja Premium Higienol Pack 4 Un 120 Mt,BARRACAS,Gaspar M De Jovellanos 151
7790250019565,29-1-5,49.9,57.9,16.032064128256515,Josimar S.A.,JOSIMAR SUPERMERCADOS,Ciudad Autónoma de Buenos Aires,HIGIENOL,NA,NA,Papel Higienico Doble Hoja Premium Higienol Pack 4 Un 120 Mt,JOSIMAR,Av Montes De Oca 1597
7798038152749,12-1-220,58.09,60.99,4.992253399896709,Coto Centro Integral de Comercialización S.A.,COTO CICSA,Ciudad Autónoma de Buenos Aires,SCOTT,NA,NA,Papel Higienico Doble Hoja Scott Rindemax Pack 4 Un 30 Mt,BARRACAS,Gaspar M De Jovellanos 151
7798038152749,29-1-5,54.9,59.9,9.107468123861567,Josimar S.A.,JOSIMAR SUPERMERCADOS,Ciudad Autónoma de Buenos Aires,SCOTT,NA,NA,Papel Higienico Doble Hoja Scott Rindemax Pack 4 Un 30 Mt,JOSIMAR,Av Montes De Oca 1597
7798038152749,10-3-557,63,63,0,INC S.A.,Express,Ciudad Autónoma de Buenos Aires,SCOTT,NA,NA,Papel Higienico Doble Hoja Scott Rindemax Pack 4 Un 30 Mt,Arzobispo Espinosa 1187,Arzobispo Espinosa 1187
7793360801709,12-1-220,54.99,54.99,0,Coto Centro Integral de Comercialización S.A.,COTO CICSA,Ciudad Autónoma de Buenos Aires,LA CAMPAGNOLA,Almacen,Arcor,Mermelada de Ciruela Frasco La Campagnola 454 Gr,BARRACAS,Gaspar M De Jovellanos 151
7793360801709,29-1-5,47,49.9,6.170212765957444,Josimar S.A.,JOSIMAR SUPERMERCADOS,Ciudad Autónoma de Buenos Aires,LA CAMPAGNOLA,Almacen,Arcor,Mermelada de Ciruela Frasco La Campagnola 454 Gr,JOSIMAR,Av Montes De Oca 1597
7790520018649,12-1-220,21.99,23.99,9.095043201455207,Coto Centro Integral de Comercialización S.A.,COTO CICSA,Ciudad Autónoma de Buenos Aires,MR MUSCULO,Limpieza,NA,Limpiador Liquido para Vidrios y Multiuso Doypack Mr Musculo 450 Ml,BARRACAS,Gaspar M De Jovellanos 151
7790520018649,29-1-5,18.28,24.9,36.21444201312909,Josimar S.A.,JOSIMAR SUPERMERCADOS,Ciudad Autónoma de Buenos Aires,MR MUSCULO,Limpieza,NA,Limpiador Liquido para Vidrios y Multiuso Doypack Mr Musculo 450 Ml,JOSIMAR,Av Montes De Oca 1597
7790520018649,10-3-557,26,26,0,INC S.A.,Express,Ciudad Autónoma de Buenos Aires,MR MUSCULO,Limpieza,NA,Limpiador Liquido para Vidrios y Multiuso Doypack Mr Musculo 450 Ml,Arzobispo Espinosa 1187,Arzobispo Espinosa 1187
7791905002512,12-1-220,22.99,22.99,0,Coto Centro Integral de Comercialización S.A.,COTO CICSA,Ciudad Autónoma de Buenos Aires,QUERUBIN,Limpieza,NA,Lavandina Concentrada Premium Querubin 1 Lt,BARRACAS,Gaspar M De Jovellanos 151
7791905002512,29-1-5,18.9,18.9,0,Josimar S.A.,JOSIMAR SUPERMERCADOS,Ciudad Autónoma de Buenos Aires,QUERUBIN,Limpieza,NA,Lavandina Concentrada Premium Querubin 1 Lt,JOSIMAR,Av Montes De Oca 1597
7791905002512,10-3-557,22.05,24,8.843537414965983,INC S.A.,Express,Ciudad Autónoma de Buenos Aires,QUERUBIN,Limpieza,NA,Lavandina Concentrada Premium Querubin 1 Lt,Arzobispo Espinosa 1187,Arzobispo Espinosa 1187
7791290011762,12-1-220,54.99,59.49,8.183306055646481,Coto Centro Integral de Comercialización S.A.,COTO CICSA,Ciudad Autónoma de Buenos Aires,ALA,Mamas y bebes,Unilever,Jabon en Polvo Alta Espuma Multiaccion Poder Acelerador Ala 800 Gr,BARRACAS,Gaspar M De Jovellanos 151
7791290011762,10-3-557,56,56,0,INC S.A.,Express,Ciudad Autónoma de Buenos Aires,ALA,Mamas y bebes,Unilever,Jabon en Polvo Alta Espuma Multiaccion Poder Acelerador Ala 800 Gr,Arzobispo Espinosa 1187,Arzobispo Espinosa 1187
7791290012615,12-1-220,65.29,71.99,10.261908408638364,Coto Centro Integral de Comercialización S.A.,COTO CICSA,Ciudad Autónoma de Buenos Aires,SKIP,Mamas y bebes,Unilever,Jabon en Polvo Baja Espuma Intel Perfect Results Skip 800 Gr,BARRACAS,Gaspar M De Jovellanos 151
7791290012615,29-1-5,57.9,59.9,3.454231433506045,Josimar S.A.,JOSIMAR SUPERMERCADOS,Ciudad Autónoma de Buenos Aires,SKIP,Mamas y bebes,Unilever,Jabon en Polvo Baja Espuma Intel Perfect Results Skip 800 Gr,JOSIMAR,Av Montes De Oca 1597
7791290012615,10-3-557,69,69,0,INC S.A.,Express,Ciudad Autónoma de Buenos Aires,SKIP,Mamas y bebes,Unilever,Jabon en Polvo Baja Espuma Intel Perfect Results Skip 800 Gr,Arzobispo Espinosa 1187,Arzobispo Espinosa 1187
7791290001008,12-1-220,32.59,36.49,11.966861000306837,Coto Centro Integral de Comercialización S.A.,COTO CICSA,Ciudad Autónoma de Buenos Aires,GRANBY,Mamas y bebes,NA,Jabon en Polvo Baja Espuma Lavado Total Granby 800 Gr,BARRACAS,Gaspar M De Jovellanos 151
7791290001008,29-1-5,32.9,32.9,0,Josimar S.A.,JOSIMAR SUPERMERCADOS,Ciudad Autónoma de Buenos Aires,GRANBY,Mamas y bebes,NA,Jabon en Polvo Baja Espuma Lavado Total Granby 800 Gr,JOSIMAR,Av Montes De Oca 1597
7791130052733,12-1-220,66.99,66.99,0,Coto Centro Integral de Comercialización S.A.,COTO CICSA,Ciudad Autónoma de Buenos Aires,ESPADOL,Mamas y bebes,NA,Jabon Antibacterial Original Espadol x 270 Gr,BARRACAS,Gaspar M De Jovellanos 151
7791130052733,29-1-5,59.9,62.9,5.008347245409015,Josimar S.A.,JOSIMAR SUPERMERCADOS,Ciudad Autónoma de Buenos Aires,ESPADOL,Mamas y bebes,NA,Jabon Antibacterial Original Espadol x 270 Gr,JOSIMAR,Av Montes De Oca 1597
7791130052733,10-3-557,75,75,0,INC S.A.,Express,Ciudad Autónoma de Buenos Aires,ESPADOL,Mamas y bebes,NA,Jabon Antibacterial Original Espadol x 270 Gr,Arzobispo Espinosa 1187,Arzobispo Espinosa 1187
7792180001528,12-1-220,14.09,15.69,11.355571327182396,Coto Centro Integral de Comercialización S.A.,COTO CICSA,Ciudad Autónoma de Buenos Aires,CAÑUELAS,Almacen,Molinos Cañuelas,Harina de Trigo 000 Cañuelas 1 Kg,BARRACAS,Gaspar M De Jovellanos 151
7792180001528,10-3-557,10,10,0,INC S.A.,Express,Ciudad Autónoma de Buenos Aires,CAÑUELAS,Almacen,Molinos Cañuelas,Harina de Trigo 000 Cañuelas 1 Kg,Arzobispo Espinosa 1187,Arzobispo Espinosa 1187
7790070507235,12-1-220,12.19,16.59,36.09515996718623,Coto Centro Integral de Comercialización S.A.,COTO CICSA,Ciudad Autónoma de Buenos Aires,FAVORITA,Almacen,Molinos,Harina de Trigo 000 con Vita Zinc Favorita 1 Kg,BARRACAS,Gaspar M De Jovellanos 151
7790070507235,10-3-557,12,16.5,37.5,INC S.A.,Express,Ciudad Autónoma de Buenos Aires,FAVORITA,Almacen,Molinos,Harina de Trigo 000 con Vita Zinc Favorita 1 Kg,Arzobispo Espinosa 1187,Arzobispo Espinosa 1187
7791813423119,12-1-220,45,52,15.555555555555555,Coto Centro Integral de Comercialización S.A.,COTO CICSA,Ciudad Autónoma de Buenos Aires,PEPSI,Bebidas sin alcohol,Pepsico,Gaseosa Pepsi 2.25 Lt,BARRACAS,Gaspar M De Jovellanos 151
7791813423119,29-1-5,44,52,18.181818181818183,Josimar S.A.,JOSIMAR SUPERMERCADOS,Ciudad Autónoma de Buenos Aires,PEPSI,Bebidas sin alcohol,Pepsico,Gaseosa Pepsi 2.25 Lt,JOSIMAR,Av Montes De Oca 1597
7791813423119,10-3-557,47,47,0,INC S.A.,Express,Ciudad Autónoma de Buenos Aires,PEPSI,Bebidas sin alcohol,Pepsico,Gaseosa Pepsi 2.25 Lt,Arzobispo Espinosa 1187,Arzobispo Espinosa 1187
7790040872202,12-1-220,34.35,36.29,5.647743813682672,Coto Centro Integral de Comercialización S.A.,COTO CICSA,Ciudad Autónoma de Buenos Aires,TRAVIATA,Golosinas y galletitas,NA,Galletitas Sandwich Traviata Pack 3 Un 303 Gr,BARRACAS,Gaspar M De Jovellanos 151
7790040872202,29-1-5,29.95,33.9,13.188647746243738,Josimar S.A.,JOSIMAR SUPERMERCADOS,Ciudad Autónoma de Buenos Aires,TRAVIATA,Golosinas y galletitas,NA,Galletitas Sandwich Traviata Pack 3 Un 303 Gr,JOSIMAR,Av Montes De Oca 1597
7790040872202,10-3-557,37,37,0,INC S.A.,Express,Ciudad Autónoma de Buenos Aires,TRAVIATA,Golosinas y galletitas,NA,Galletitas Sandwich Traviata Pack 3 Un 303 Gr,Arzobispo Espinosa 1187,Arzobispo Espinosa 1187
7798031154221,12-1-220,27.56,31.14,12.98984034833092,Coto Centro Integral de Comercialización S.A.,COTO CICSA,Ciudad Autónoma de Buenos Aires,KNORR,Pastas y tapas,NA,Fideos Mostacholes Knorr x 500 Gr,BARRACAS,Gaspar M De Jovellanos 151
7791110001874,12-1-220,10.71,11.14,4.014939309056953,Coto Centro Integral de Comercialización S.A.,COTO CICSA,Ciudad Autónoma de Buenos Aires,MANERA,Pastas y tapas,NA,Fideos Mostacholes Manera 500 Gr,BARRACAS,Gaspar M De Jovellanos 151
7791110001874,10-3-557,10.71,11.14,4.014939309056953,INC S.A.,Express,Ciudad Autónoma de Buenos Aires,MANERA,Pastas y tapas,NA,Fideos Mostacholes Manera 500 Gr,Arzobispo Espinosa 1187,Arzobispo Espinosa 1187
7790070318596,12-1-220,27.99,30.99,10.718113612004288,Coto Centro Integral de Comercialización S.A.,COTO CICSA,Ciudad Autónoma de Buenos Aires,MATARAZZO,Pastas y tapas,Molinos,Fideos Mostacholes Rayado Matarazzo 500 Gr,BARRACAS,Gaspar M De Jovellanos 151
7790070318596,29-1-5,21.9,26,18.72146118721462,Josimar S.A.,JOSIMAR SUPERMERCADOS,Ciudad Autónoma de Buenos Aires,MATARAZZO,Pastas y tapas,Molinos,Fideos Mostacholes Rayado Matarazzo 500 Gr,JOSIMAR,Av Montes De Oca 1597
7790070318596,10-3-557,27,31,14.814814814814815,INC S.A.,Express,Ciudad Autónoma de Buenos Aires,MATARAZZO,Pastas y tapas,Molinos,Fideos Mostacholes Rayado Matarazzo 500 Gr,Arzobispo Espinosa 1187,Arzobispo Espinosa 1187
7622300724269,12-1-220,20.49,23.79,16.105417276720356,Coto Centro Integral de Comercialización S.A.,COTO CICSA,Ciudad Autónoma de Buenos Aires,TERRABUSI,Almacen,Mondelez,Fideos Mostacholes Rayados Terrabusi 500 Gr,BARRACAS,Gaspar M De Jovellanos 151
7622300724269,10-3-557,22,23.8,8.181818181818185,INC S.A.,Express,Ciudad Autónoma de Buenos Aires,TERRABUSI,Almacen,Mondelez,Fideos Mostacholes Rayados Terrabusi 500 Gr,Arzobispo Espinosa 1187,Arzobispo Espinosa 1187
7791290012387,12-1-220,24.59,24.59,0,Coto Centro Integral de Comercialización S.A.,COTO CICSA,Ciudad Autónoma de Buenos Aires,ALA,Limpieza,Unilever,Detergente Cremoso con Colageno Ala Plus 750 Cc,BARRACAS,Gaspar M De Jovellanos 151
7791290012387,29-1-5,23.9,23.9,0,Josimar S.A.,JOSIMAR SUPERMERCADOS,Ciudad Autónoma de Buenos Aires,ALA,Limpieza,Unilever,Detergente Cremoso con Colageno Ala Plus 750 Cc,JOSIMAR,Av Montes De Oca 1597
7791290012387,10-3-557,28,28,0,INC S.A.,Express,Ciudad Autónoma de Buenos Aires,ALA,Limpieza,Unilever,Detergente Cremoso con Colageno Ala Plus 750 Cc,Arzobispo Espinosa 1187,Arzobispo Espinosa 1187
7790895000997,12-1-220,65,65,0,Coto Centro Integral de Comercialización S.A.,COTO CICSA,Ciudad Autónoma de Buenos Aires,COCA COLA,Bebidas sin alcohol,Coca-Cola de Argentina,Coca Cola 2.25 Lt,BARRACAS,Gaspar M De Jovellanos 151
7790895000997,29-1-5,58,52.9,-8.793103448275865,Josimar S.A.,JOSIMAR SUPERMERCADOS,Ciudad Autónoma de Buenos Aires,COCA COLA,Bebidas sin alcohol,Coca-Cola de Argentina,Coca Cola 2.25 Lt,JOSIMAR,Av Montes De Oca 1597
7790895000997,10-3-557,65,65,0,INC S.A.,Express,Ciudad Autónoma de Buenos Aires,COCA COLA,Bebidas sin alcohol,Coca-Cola de Argentina,Coca Cola 2.25 Lt,Arzobispo Espinosa 1187,Arzobispo Espinosa 1187
7792798006199,12-1-220,77,82,6.4935064935064934,Coto Centro Integral de Comercialización S.A.,COTO CICSA,Ciudad Autónoma de Buenos Aires,STELLA ARTOIS,Bebidas con alcohol,NA,Cerveza Rubia en Botella Stella Artois 970 Cc,BARRACAS,Gaspar M De Jovellanos 151
7792798006199,29-1-5,63.5,73,14.960629921259843,Josimar S.A.,JOSIMAR SUPERMERCADOS,Ciudad Autónoma de Buenos Aires,STELLA ARTOIS,Bebidas con alcohol,NA,Cerveza Rubia en Botella Stella Artois 970 Cc,JOSIMAR,Av Montes De Oca 1597
7792798006199,10-3-557,70,76,8.571428571428571,INC S.A.,Express,Ciudad Autónoma de Buenos Aires,STELLA ARTOIS,Bebidas con alcohol,NA,Cerveza Rubia en Botella Stella Artois 970 Cc,Arzobispo Espinosa 1187,Arzobispo Espinosa 1187
7792798007424,10-3-557,50,50,0,INC S.A.,Express,Ciudad Autónoma de Buenos Aires,QUILMES,Bebidas con alcohol,NA,Cerveza Rubia en Botella Bajo Cero Quilmes 1 Lt,Arzobispo Espinosa 1187,Arzobispo Espinosa 1187
7792798007387,29-1-5,40.9,47,14.914425427872864,Josimar S.A.,JOSIMAR SUPERMERCADOS,Ciudad Autónoma de Buenos Aires,QUILMES,Bebidas con alcohol,NA,Cerveza Rubia en Botella Cristal Quilmes 1 Lt,JOSIMAR,Av Montes De Oca 1597
7792798007387,10-3-557,49,49,0,INC S.A.,Express,Ciudad Autónoma de Buenos Aires,QUILMES,Bebidas con alcohol,NA,Cerveza Rubia en Botella Cristal Quilmes 1 Lt,Arzobispo Espinosa 1187,Arzobispo Espinosa 1187
7793147000899,12-1-220,70,70,0,Coto Centro Integral de Comercialización S.A.,COTO CICSA,Ciudad Autónoma de Buenos Aires,HEINEKEN,Bebidas con alcohol,NA,Cerveza Rubia en Botella Heineken 1 Lt,BARRACAS,Gaspar M De Jovellanos 151
7793147000899,29-1-5,58,70,20.689655172413794,Josimar S.A.,JOSIMAR SUPERMERCADOS,Ciudad Autónoma de Buenos Aires,HEINEKEN,Bebidas con alcohol,NA,Cerveza Rubia en Botella Heineken 1 Lt,JOSIMAR,Av Montes De Oca 1597
7793147000899,10-3-557,70,76,8.571428571428571,INC S.A.,Express,Ciudad Autónoma de Buenos Aires,HEINEKEN,Bebidas con alcohol,NA,Cerveza Rubia en Botella Heineken 1 Lt,Arzobispo Espinosa 1187,Arzobispo Espinosa 1187
7792798000708,10-3-557,43,43,0,INC S.A.,Express,Ciudad Autónoma de Buenos Aires,IGUANA,Bebidas con alcohol,NA,Cerveza Rubia en Botella Iguana 970 Cc,Arzobispo Espinosa 1187,Arzobispo Espinosa 1187
7794000597525,12-1-220,30.71,34.76,13.187886681862576,Coto Centro Integral de Comercialización S.A.,COTO CICSA,Ciudad Autónoma de Buenos Aires,KNORR,Almacen,NA,Caldo de Gallina con Recetas Knorr 12 Un,BARRACAS,Gaspar M De Jovellanos 151
7794000597525,29-1-5,27.9,23.92,-14.265232974910383,Josimar S.A.,JOSIMAR SUPERMERCADOS,Ciudad Autónoma de Buenos Aires,KNORR,Almacen,NA,Caldo de Gallina con Recetas Knorr 12 Un,JOSIMAR,Av Montes De Oca 1597
7794000597730,12-1-220,18.49,21.49,16.224986479177936,Coto Centro Integral de Comercialización S.A.,COTO CICSA,Ciudad Autónoma de Buenos Aires,WILDE,Almacen,NA,Caldo de Gallina Wilde 12 Un,BARRACAS,Gaspar M De Jovellanos 151
7794000597730,29-1-5,19.9,20.9,5.025125628140704,Josimar S.A.,JOSIMAR SUPERMERCADOS,Ciudad Autónoma de Buenos Aires,WILDE,Almacen,NA,Caldo de Gallina Wilde 12 Un,JOSIMAR,Av Montes De Oca 1597
7790170901872,12-1-220,54,57.29,6.092592592592591,Coto Centro Integral de Comercialización S.A.,COTO CICSA,Ciudad Autónoma de Buenos Aires,LA MORENITA,Bebidas con alcohol,NA,Cafe Molido Torrado Clasico Equilibrado La Morenita 250 Gr,BARRACAS,Gaspar M De Jovellanos 151
7790170901872,29-1-5,46.9,54.9,17.057569296375267,Josimar S.A.,JOSIMAR SUPERMERCADOS,Ciudad Autónoma de Buenos Aires,LA MORENITA,Bebidas con alcohol,NA,Cafe Molido Torrado Clasico Equilibrado La Morenita 250 Gr,JOSIMAR,Av Montes De Oca 1597
7790170901872,10-3-557,60,51,-15,INC S.A.,Express,Ciudad Autónoma de Buenos Aires,LA MORENITA,Bebidas con alcohol,NA,Cafe Molido Torrado Clasico Equilibrado La Morenita 250 Gr,Arzobispo Espinosa 1187,Arzobispo Espinosa 1187
7790150006122,12-1-220,53.65,60.39,12.562907735321533,Coto Centro Integral de Comercialización S.A.,COTO CICSA,Ciudad Autónoma de Buenos Aires,LA VIRGINIA,Bebidas con alcohol,NA,Cafe Molido Torrado Clasico Equilibrado La Virginia 250 Gr,BARRACAS,Gaspar M De Jovellanos 151
7790150006122,29-1-5,47.9,51.9,8.350730688935283,Josimar S.A.,JOSIMAR SUPERMERCADOS,Ciudad Autónoma de Buenos Aires,LA VIRGINIA,Bebidas con alcohol,NA,Cafe Molido Torrado Clasico Equilibrado La Virginia 250 Gr,JOSIMAR,Av Montes De Oca 1597
7790150006122,10-3-557,46,48,4.3478260869565215,INC S.A.,Express,Ciudad Autónoma de Buenos Aires,LA VIRGINIA,Bebidas con alcohol,NA,Cafe Molido Torrado Clasico Equilibrado La Virginia 250 Gr,Arzobispo Espinosa 1187,Arzobispo Espinosa 1187
7792360002079,12-1-220,62.99,62.99,0,Coto Centro Integral de Comercialización S.A.,COTO CICSA,Ciudad Autónoma de Buenos Aires,BONAFIDE,Bebidas con alcohol,NA,Cafe Molido Torrado Intenso Bonafide 250 Gr,BARRACAS,Gaspar M De Jovellanos 151
7792360002079,29-1-5,44,56.9,29.318181818181813,Josimar S.A.,JOSIMAR SUPERMERCADOS,Ciudad Autónoma de Buenos Aires,BONAFIDE,Bebidas con alcohol,NA,Cafe Molido Torrado Intenso Bonafide 250 Gr,JOSIMAR,Av Montes De Oca 1597
7792540250450,12-1-220,25.89,25.89,0,Coto Centro Integral de Comercialización S.A.,COTO CICSA,Ciudad Autónoma de Buenos Aires,LEDESMA,Almacen,NA,Azucar Molida Superior Ledesma 1 Kg,BARRACAS,Gaspar M De Jovellanos 151
7791100000481,29-1-5,19.9,23,15.577889447236188,Josimar S.A.,JOSIMAR SUPERMERCADOS,Ciudad Autónoma de Buenos Aires,CHANGO,Almacen,NA,Azucar Tipo A Chango 1 Kg,JOSIMAR,Av Montes De Oca 1597
7790070410603,12-1-220,29.89,31.99,7.025761124121773,Coto Centro Integral de Comercialización S.A.,COTO CICSA,Ciudad Autónoma de Buenos Aires,LUCCHETTI,Almacen,Molinos,Arroz Largo Fino en Bolsa Lucchetti x 1 Kg,BARRACAS,Gaspar M De Jovellanos 151
7790070410603,29-1-5,22.9,28.5,24.454148471615728,Josimar S.A.,JOSIMAR SUPERMERCADOS,Ciudad Autónoma de Buenos Aires,LUCCHETTI,Almacen,Molinos,Arroz Largo Fino en Bolsa Lucchetti x 1 Kg,JOSIMAR,Av Montes De Oca 1597
7790070410603,10-3-557,29,30,3.4482758620689653,INC S.A.,Express,Ciudad Autónoma de Buenos Aires,LUCCHETTI,Almacen,Molinos,Arroz Largo Fino en Bolsa Lucchetti x 1 Kg,Arzobispo Espinosa 1187,Arzobispo Espinosa 1187
7790070411716,12-1-220,51.99,55.99,7.693787266782073,Coto Centro Integral de Comercialización S.A.,COTO CICSA,Ciudad Autónoma de Buenos Aires,GALLO,Almacen,Molinos,Arroz en Estuche Gallo Oro 1 Kg,BARRACAS,Gaspar M De Jovellanos 151
7790070411716,29-1-5,38,49.9,31.315789473684205,Josimar S.A.,JOSIMAR SUPERMERCADOS,Ciudad Autónoma de Buenos Aires,GALLO,Almacen,Molinos,Arroz en Estuche Gallo Oro 1 Kg,JOSIMAR,Av Montes De Oca 1597
7790070411716,10-3-557,54,56,3.7037037037037037,INC S.A.,Express,Ciudad Autónoma de Buenos Aires,GALLO,Almacen,Molinos,Arroz en Estuche Gallo Oro 1 Kg,Arzobispo Espinosa 1187,Arzobispo Espinosa 1187
7791120031557,12-1-220,24.99,24.99,0,Coto Centro Integral de Comercialización S.A.,COTO CICSA,Ciudad Autónoma de Buenos Aires,MOLINOS ALA,Almacen,NA,Arroz Largo Fino 00000 en Bolsa Molinos Ala 1 Kg,BARRACAS,Gaspar M De Jovellanos 151
7791120031557,29-1-5,18.9,21.5,13.756613756613763,Josimar S.A.,JOSIMAR SUPERMERCADOS,Ciudad Autónoma de Buenos Aires,MOLINOS ALA,Almacen,NA,Arroz Largo Fino 00000 en Bolsa Molinos Ala 1 Kg,JOSIMAR,Av Montes De Oca 1597
7791120031557,10-3-557,28,28,0,INC S.A.,Express,Ciudad Autónoma de Buenos Aires,MOLINOS ALA,Almacen,NA,Arroz Largo Fino 00000 en Bolsa Molinos Ala 1 Kg,Arzobispo Espinosa 1187,Arzobispo Espinosa 1187
7501065904522,12-1-220,57.19,57.19,0,Coto Centro Integral de Comercialización S.A.,COTO CICSA,Ciudad Autónoma de Buenos Aires,HERBAL ESSENCES,Limpieza,NA,Acondicionador Hidradisiaco Herbal Essences 300 Ml,BARRACAS,Gaspar M De Jovellanos 151
7501065904522,29-1-5,46.89,46.89,0,Josimar S.A.,JOSIMAR SUPERMERCADOS,Ciudad Autónoma de Buenos Aires,HERBAL ESSENCES,Limpieza,NA,Acondicionador Hidradisiaco Herbal Essences 300 Ml,JOSIMAR,Av Montes De Oca 1597
7500435012355,12-1-220,104.99,109.99,4.762358319839985,Coto Centro Integral de Comercialización S.A.,COTO CICSA,Ciudad Autónoma de Buenos Aires,PANTENE,Limpieza,NA,Acondicionador Hidratacion Max Pro V Pantene 400 Ml,BARRACAS,Gaspar M De Jovellanos 151
7500435012355,29-1-5,90.9,102.9,13.201320132013201,Josimar S.A.,JOSIMAR SUPERMERCADOS,Ciudad Autónoma de Buenos Aires,PANTENE,Limpieza,NA,Acondicionador Hidratacion Max Pro V Pantene 400 Ml,JOSIMAR,Av Montes De Oca 1597
7791293030937,12-1-220,61.99,68.79,10.969511211485731,Coto Centro Integral de Comercialización S.A.,COTO CICSA,Ciudad Autónoma de Buenos Aires,SEDAL,Limpieza,Unilever,Acondicionador Ceramidas Sedal 340 Ml,BARRACAS,Gaspar M De Jovellanos 151
7791293030937,29-1-5,47.9,54.9,14.613778705636744,Josimar S.A.,JOSIMAR SUPERMERCADOS,Ciudad Autónoma de Buenos Aires,SEDAL,Limpieza,Unilever,Acondicionador Ceramidas Sedal 340 Ml,JOSIMAR,Av Montes De Oca 1597
7792180004512,12-1-220,17.59,19.59,11.370096645821489,Coto Centro Integral de Comercialización S.A.,COTO CICSA,Ciudad Autónoma de Buenos Aires,PUREZA,Almacen,Molinos Cañuelas,Harina de Trigo 000 Pureza 1 Kg,BARRACAS,Gaspar M De Jovellanos 151
7792180004512,10-3-557,15,14,-6.666666666666667,INC S.A.,Express,Ciudad Autónoma de Buenos Aires,PUREZA,Almacen,Molinos Cañuelas,Harina de Trigo 000 Pureza 1 Kg,Arzobispo Espinosa 1187,Arzobispo Espinosa 1187
7622300847234,12-1-220,37.49,37.49,0,Coto Centro Integral de Comercialización S.A.,COTO CICSA,Ciudad Autónoma de Buenos Aires,EXPRESS,Golosinas y galletitas,Mondelez,Galletitas Clasicas Express Pack 3 Un 324 Gr,BARRACAS,Gaspar M De Jovellanos 151
7622300847234,29-1-5,33.5,39.9,19.104477611940297,Josimar S.A.,JOSIMAR SUPERMERCADOS,Ciudad Autónoma de Buenos Aires,EXPRESS,Golosinas y galletitas,Mondelez,Galletitas Clasicas Express Pack 3 Un 324 Gr,JOSIMAR,Av Montes De Oca 1597
7622300847234,10-3-557,41,41,0,INC S.A.,Express,Ciudad Autónoma de Buenos Aires,EXPRESS,Golosinas y galletitas,Mondelez,Galletitas Clasicas Express Pack 3 Un 324 Gr,Arzobispo Espinosa 1187,Arzobispo Espinosa 1187
7792710000014,29-1-5,50.4,55.03,9.186507936507942,Josimar S.A.,JOSIMAR SUPERMERCADOS,Ciudad Autónoma de Buenos Aires,AMANDA,Almacen,NA,Yerba Mate con Palo Amanda 1 Kg,JOSIMAR,Av Montes De Oca 1597
7792710000014,10-3-557,52.92,55.03,3.987150415721843,INC S.A.,Express,Ciudad Autónoma de Buenos Aires,AMANDA,Almacen,NA,Yerba Mate con Palo Amanda 1 Kg,Arzobispo Espinosa 1187,Arzobispo Espinosa 1187
7790639001976,12-1-220,23.98,25.17,4.962468723936619,Coto Centro Integral de Comercialización S.A.,COTO CICSA,Ciudad Autónoma de Buenos Aires,CUNNINGTON,Bebidas sin alcohol,NA,Gaseosa Cola Cunnington 2.25 Lt,BARRACAS,Gaspar M De Jovellanos 151
7790639001976,29-1-5,22.62,25.17,11.27320954907162,Josimar S.A.,JOSIMAR SUPERMERCADOS,Ciudad Autónoma de Buenos Aires,CUNNINGTON,Bebidas sin alcohol,NA,Gaseosa Cola Cunnington 2.25 Lt,JOSIMAR,Av Montes De Oca 1597
7792878000017,12-1-220,20.99,20.99,0,Coto Centro Integral de Comercialización S.A.,COTO CICSA,Ciudad Autónoma de Buenos Aires,DOMINO,Almacen,NA,Azucar Domino 1 Kg,BARRACAS,Gaspar M De Jovellanos 151
