fecha,sucursal,producto,precio_lista,nombre_sucursal,direccion_sucursal,bandera_descripcion,nombre_producto
2018-08-11,12-1-220,7790272001029,82.99,BARRACAS,Gaspar M De Jovellanos 151,COTO CICSA,Aceite de Girasol Natura 1.5 Lt
2018-08-11,29-1-5,7790272001029,82.9,JOSIMAR,Av Montes De Oca 1597,JOSIMAR SUPERMERCADOS,Aceite de Girasol Natura 1.5 Lt
2018-08-11,10-3-557,7790272001029,80,Arzobispo Espinosa 1187,Arzobispo Espinosa 1187,Express,Aceite de Girasol Natura 1.5 Lt
2018-08-11,15-1-5146,7790272001029,83.19,5146 - La Boca,Regimiento Patricios 154,Supermercados Dia,Aceite de Girasol Natura 1.5 Lt
2018-08-11,12-1-220,7790040872202,39.49,BARRACAS,Gaspar M De Jovellanos 151,COTO CICSA,Galletitas Sandwich Traviata Pack 3 Un 303 Gr
2018-08-11,29-1-5,7790040872202,36.5,JOSIMAR,Av Montes De Oca 1597,JOSIMAR SUPERMERCADOS,Galletitas Sandwich Traviata Pack 3 Un 303 Gr
2018-08-11,10-3-557,7790040872202,43,Arzobispo Espinosa 1187,Arzobispo Espinosa 1187,Express,Galletitas Sandwich Traviata Pack 3 Un 303 Gr
2018-08-11,15-1-5146,7790040872202,39.19,5146 - La Boca,Regimiento Patricios 154,Supermercados Dia,Galletitas Sandwich Traviata Pack 3 Un 303 Gr
2018-08-11,12-1-220,7791110001874,11.14,BARRACAS,Gaspar M De Jovellanos 151,COTO CICSA,Fideos Mostacholes Manera 500 Gr
2018-08-11,29-1-5,7791110001874,11.14,JOSIMAR,Av Montes De Oca 1597,JOSIMAR SUPERMERCADOS,Fideos Mostacholes Manera 500 Gr
2018-08-11,10-3-557,7791110001874,NA,Arzobispo Espinosa 1187,Arzobispo Espinosa 1187,Express,Fideos Mostacholes Manera 500 Gr
2018-08-11,15-1-5146,7791110001874,NA,5146 - La Boca,Regimiento Patricios 154,Supermercados Dia,Fideos Mostacholes Manera 500 Gr
2018-08-11,12-1-220,7791120031557,28.3,BARRACAS,Gaspar M De Jovellanos 151,COTO CICSA,Arroz Largo Fino 00000 Molinos Ala 1 Kg
2018-08-11,29-1-5,7791120031557,29.9,JOSIMAR,Av Montes De Oca 1597,JOSIMAR SUPERMERCADOS,Arroz Largo Fino 00000 Molinos Ala 1 Kg
2018-08-11,10-3-557,7791120031557,32,Arzobispo Espinosa 1187,Arzobispo Espinosa 1187,Express,Arroz Largo Fino 00000 Molinos Ala 1 Kg
2018-08-11,15-1-5146,7791120031557,NA,5146 - La Boca,Regimiento Patricios 154,Supermercados Dia,Arroz Largo Fino 00000 Molinos Ala 1 Kg
2018-08-11,12-1-220,7792360002079,74.09,BARRACAS,Gaspar M De Jovellanos 151,COTO CICSA,Cafe Molido Torrado Intenso Bonafide 250 Gr
2018-08-11,29-1-5,7792360002079,72,JOSIMAR,Av Montes De Oca 1597,JOSIMAR SUPERMERCADOS,Cafe Molido Torrado Intenso Bonafide 250 Gr
2018-08-11,10-3-557,7792360002079,NA,Arzobispo Espinosa 1187,Arzobispo Espinosa 1187,Express,Cafe Molido Torrado Intenso Bonafide 250 Gr
2018-08-11,15-1-5146,7792360002079,67.79,5146 - La Boca,Regimiento Patricios 154,Supermercados Dia,Cafe Molido Torrado Intenso Bonafide 250 Gr
2018-08-11,12-1-220,7794000597525,37.39,BARRACAS,Gaspar M De Jovellanos 151,COTO CICSA,Caldo de Gallina con Recetas Knorr 12 Un
2018-08-11,29-1-5,7794000597525,37.9,JOSIMAR,Av Montes De Oca 1597,JOSIMAR SUPERMERCADOS,Caldo de Gallina con Recetas Knorr 12 Un
2018-08-11,10-3-557,7794000597525,NA,Arzobispo Espinosa 1187,Arzobispo Espinosa 1187,Express,Caldo de Gallina con Recetas Knorr 12 Un
2018-08-11,15-1-5146,7794000597525,37.29,5146 - La Boca,Regimiento Patricios 154,Supermercados Dia,Caldo de Gallina con Recetas Knorr 12 Un
2018-08-11,12-1-220,7792798000708,NA,BARRACAS,Gaspar M De Jovellanos 151,COTO CICSA,Cerveza Rubia Iguana 970 Cc
2018-08-11,29-1-5,7792798000708,NA,JOSIMAR,Av Montes De Oca 1597,JOSIMAR SUPERMERCADOS,Cerveza Rubia Iguana 970 Cc
2018-08-11,10-3-557,7792798000708,35,Arzobispo Espinosa 1187,Arzobispo Espinosa 1187,Express,Cerveza Rubia Iguana 970 Cc
2018-08-11,15-1-5146,7792798000708,39.75,5146 - La Boca,Regimiento Patricios 154,Supermercados Dia,Cerveza Rubia Iguana 970 Cc
2018-08-11,12-1-220,7792180001528,19.19,BARRACAS,Gaspar M De Jovellanos 151,COTO CICSA,Harina de Trigo 000 Cañuelas 1 Kg
2018-08-11,29-1-5,7792180001528,20.4,JOSIMAR,Av Montes De Oca 1597,JOSIMAR SUPERMERCADOS,Harina de Trigo 000 Cañuelas 1 Kg
2018-08-11,10-3-557,7792180001528,22,Arzobispo Espinosa 1187,Arzobispo Espinosa 1187,Express,Harina de Trigo 000 Cañuelas 1 Kg
2018-08-11,15-1-5146,7792180001528,NA,5146 - La Boca,Regimiento Patricios 154,Supermercados Dia,Harina de Trigo 000 Cañuelas 1 Kg
2018-08-11,12-1-220,7792798006199,78,BARRACAS,Gaspar M De Jovellanos 151,COTO CICSA,Cerveza Rubia Stella Artois 970 Cc
2018-08-11,29-1-5,7792798006199,78,JOSIMAR,Av Montes De Oca 1597,JOSIMAR SUPERMERCADOS,Cerveza Rubia Stella Artois 970 Cc
2018-08-11,10-3-557,7792798006199,91,Arzobispo Espinosa 1187,Arzobispo Espinosa 1187,Express,Cerveza Rubia Stella Artois 970 Cc
2018-08-11,15-1-5146,7792798006199,75.69,5146 - La Boca,Regimiento Patricios 154,Supermercados Dia,Cerveza Rubia Stella Artois 970 Cc
2018-08-11,12-1-220,7791290011762,64.99,BARRACAS,Gaspar M De Jovellanos 151,COTO CICSA,Jabon en Polvo Alta Espuma Multiaccion Poder Acelerador Ala 800 Gr
2018-08-11,29-1-5,7791290011762,NA,JOSIMAR,Av Montes De Oca 1597,JOSIMAR SUPERMERCADOS,Jabon en Polvo Alta Espuma Multiaccion Poder Acelerador Ala 800 Gr
2018-08-11,10-3-557,7791290011762,70,Arzobispo Espinosa 1187,Arzobispo Espinosa 1187,Express,Jabon en Polvo Alta Espuma Multiaccion Poder Acelerador Ala 800 Gr
2018-08-11,15-1-5146,7791290011762,63.99,5146 - La Boca,Regimiento Patricios 154,Supermercados Dia,Jabon en Polvo Alta Espuma Multiaccion Poder Acelerador Ala 800 Gr
2018-08-11,12-1-220,7791290012387,29.99,BARRACAS,Gaspar M De Jovellanos 151,COTO CICSA,Detergente Cremoso con Colageno Ala Plus 750 Cc
2018-08-11,29-1-5,7791290012387,23.99,JOSIMAR,Av Montes De Oca 1597,JOSIMAR SUPERMERCADOS,Detergente Cremoso con Colageno Ala Plus 750 Cc
2018-08-11,10-3-557,7791290012387,33,Arzobispo Espinosa 1187,Arzobispo Espinosa 1187,Express,Detergente Cremoso con Colageno Ala Plus 750 Cc
2018-08-11,15-1-5146,7791290012387,29.99,5146 - La Boca,Regimiento Patricios 154,Supermercados Dia,Detergente Cremoso con Colageno Ala Plus 750 Cc
2018-08-11,12-1-220,7790070411716,59.99,BARRACAS,Gaspar M De Jovellanos 151,COTO CICSA,Arroz Gallo Oro 1 Kg
2018-08-11,29-1-5,7790070411716,58.5,JOSIMAR,Av Montes De Oca 1597,JOSIMAR SUPERMERCADOS,Arroz Gallo Oro 1 Kg
2018-08-11,10-3-557,7790070411716,66,Arzobispo Espinosa 1187,Arzobispo Espinosa 1187,Express,Arroz Gallo Oro 1 Kg
2018-08-11,15-1-5146,7790070411716,59.99,5146 - La Boca,Regimiento Patricios 154,Supermercados Dia,Arroz Gallo Oro 1 Kg
2018-08-11,12-1-220,7795184005004,NA,BARRACAS,Gaspar M De Jovellanos 151,COTO CICSA,Mermelada de Durazno Frasco Noel 454 Gr
2018-08-11,29-1-5,7795184005004,NA,JOSIMAR,Av Montes De Oca 1597,JOSIMAR SUPERMERCADOS,Mermelada de Durazno Frasco Noel 454 Gr
2018-08-11,10-3-557,7795184005004,NA,Arzobispo Espinosa 1187,Arzobispo Espinosa 1187,Express,Mermelada de Durazno Frasco Noel 454 Gr
2018-08-11,15-1-5146,7795184005004,NA,5146 - La Boca,Regimiento Patricios 154,Supermercados Dia,Mermelada de Durazno Frasco Noel 454 Gr
2018-08-11,12-1-220,7790060023684,63.99,BARRACAS,Gaspar M De Jovellanos 151,COTO CICSA,Aceite de Girasol Cocinero 1.5 Lt
2018-08-11,29-1-5,7790060023684,75.9,JOSIMAR,Av Montes De Oca 1597,JOSIMAR SUPERMERCADOS,Aceite de Girasol Cocinero 1.5 Lt
2018-08-11,10-3-557,7790060023684,75,Arzobispo Espinosa 1187,Arzobispo Espinosa 1187,Express,Aceite de Girasol Cocinero 1.5 Lt
2018-08-11,15-1-5146,7790060023684,76.99,5146 - La Boca,Regimiento Patricios 154,Supermercados Dia,Aceite de Girasol Cocinero 1.5 Lt
2018-08-11,12-1-220,7792710000014,NA,BARRACAS,Gaspar M De Jovellanos 151,COTO CICSA,Yerba Mate con Palo Amanda 1 Kg
2018-08-11,29-1-5,7792710000014,57.51,JOSIMAR,Av Montes De Oca 1597,JOSIMAR SUPERMERCADOS,Yerba Mate con Palo Amanda 1 Kg
2018-08-11,10-3-557,7792710000014,57.51,Arzobispo Espinosa 1187,Arzobispo Espinosa 1187,Express,Yerba Mate con Palo Amanda 1 Kg
2018-08-11,15-1-5146,7792710000014,NA,5146 - La Boca,Regimiento Patricios 154,Supermercados Dia,Yerba Mate con Palo Amanda 1 Kg
2018-08-11,12-1-220,7792878000017,20.99,BARRACAS,Gaspar M De Jovellanos 151,COTO CICSA,Azucar Domino 1 Kg
2018-08-11,29-1-5,7792878000017,20.9,JOSIMAR,Av Montes De Oca 1597,JOSIMAR SUPERMERCADOS,Azucar Domino 1 Kg
2018-08-11,10-3-557,7792878000017,24,Arzobispo Espinosa 1187,Arzobispo Espinosa 1187,Express,Azucar Domino 1 Kg
2018-08-11,15-1-5146,7792878000017,20.89,5146 - La Boca,Regimiento Patricios 154,Supermercados Dia,Azucar Domino 1 Kg
2018-08-11,12-1-220,7792180004512,23.99,BARRACAS,Gaspar M De Jovellanos 151,COTO CICSA,Harina de Trigo 000 Pureza 1 Kg
2018-08-11,29-1-5,7792180004512,22.9,JOSIMAR,Av Montes De Oca 1597,JOSIMAR SUPERMERCADOS,Harina de Trigo 000 Pureza 1 Kg
2018-08-11,10-3-557,7792180004512,22,Arzobispo Espinosa 1187,Arzobispo Espinosa 1187,Express,Harina de Trigo 000 Pureza 1 Kg
2018-08-11,15-1-5146,7792180004512,23.89,5146 - La Boca,Regimiento Patricios 154,Supermercados Dia,Harina de Trigo 000 Pureza 1 Kg
2018-08-11,12-1-220,7622300847234,39.89,BARRACAS,Gaspar M De Jovellanos 151,COTO CICSA,Galletitas Clasicas Express Pack 3 Un 324 Gr
2018-08-11,29-1-5,7622300847234,39.9,JOSIMAR,Av Montes De Oca 1597,JOSIMAR SUPERMERCADOS,Galletitas Clasicas Express Pack 3 Un 324 Gr
2018-08-11,10-3-557,7622300847234,42,Arzobispo Espinosa 1187,Arzobispo Espinosa 1187,Express,Galletitas Clasicas Express Pack 3 Un 324 Gr
2018-08-11,15-1-5146,7622300847234,35.59,5146 - La Boca,Regimiento Patricios 154,Supermercados Dia,Galletitas Clasicas Express Pack 3 Un 324 Gr
2018-08-11,12-1-220,7793913000986,42.99,BARRACAS,Gaspar M De Jovellanos 151,COTO CICSA,Queso Untable Blanco Light Tregar 300 Gr
2018-08-11,29-1-5,7793913000986,NA,JOSIMAR,Av Montes De Oca 1597,JOSIMAR SUPERMERCADOS,Queso Untable Blanco Light Tregar 300 Gr
2018-08-11,10-3-557,7793913000986,47,Arzobispo Espinosa 1187,Arzobispo Espinosa 1187,Express,Queso Untable Blanco Light Tregar 300 Gr
2018-08-11,15-1-5146,7793913000986,NA,5146 - La Boca,Regimiento Patricios 154,Supermercados Dia,Queso Untable Blanco Light Tregar 300 Gr
2018-08-11,12-1-220,7798159715731,NA,BARRACAS,Gaspar M De Jovellanos 151,COTO CICSA,Gaseosa Cola Carrefour 2.25 Lt
2018-08-11,29-1-5,7798159715731,NA,JOSIMAR,Av Montes De Oca 1597,JOSIMAR SUPERMERCADOS,Gaseosa Cola Carrefour 2.25 Lt
2018-08-11,10-3-557,7798159715731,NA,Arzobispo Espinosa 1187,Arzobispo Espinosa 1187,Express,Gaseosa Cola Carrefour 2.25 Lt
2018-08-11,15-1-5146,7798159715731,NA,5146 - La Boca,Regimiento Patricios 154,Supermercados Dia,Gaseosa Cola Carrefour 2.25 Lt
2018-08-11,12-1-220,7790170901872,56.99,BARRACAS,Gaspar M De Jovellanos 151,COTO CICSA,Cafe Molido Torrado Clasico Equilibrado La Morenita 250 Gr
2018-08-11,29-1-5,7790170901872,63,JOSIMAR,Av Montes De Oca 1597,JOSIMAR SUPERMERCADOS,Cafe Molido Torrado Clasico Equilibrado La Morenita 250 Gr
2018-08-11,10-3-557,7790170901872,62,Arzobispo Espinosa 1187,Arzobispo Espinosa 1187,Express,Cafe Molido Torrado Clasico Equilibrado La Morenita 250 Gr
2018-08-11,15-1-5146,7790170901872,51.89,5146 - La Boca,Regimiento Patricios 154,Supermercados Dia,Cafe Molido Torrado Clasico Equilibrado La Morenita 250 Gr
2018-08-11,12-1-220,7798003690252,NA,BARRACAS,Gaspar M De Jovellanos 151,COTO CICSA,Carbon Vegetal x 4 Kg
2018-08-11,29-1-5,7798003690252,NA,JOSIMAR,Av Montes De Oca 1597,JOSIMAR SUPERMERCADOS,Carbon Vegetal x 4 Kg
2018-08-11,10-3-557,7798003690252,NA,Arzobispo Espinosa 1187,Arzobispo Espinosa 1187,Express,Carbon Vegetal x 4 Kg
2018-08-11,15-1-5146,7798003690252,NA,5146 - La Boca,Regimiento Patricios 154,Supermercados Dia,Carbon Vegetal x 4 Kg
2018-08-11,12-1-220,7790639001976,25.17,BARRACAS,Gaspar M De Jovellanos 151,COTO CICSA,Gaseosa Cola Cunnington 2.25 Lt
2018-08-11,29-1-5,7790639001976,25.17,JOSIMAR,Av Montes De Oca 1597,JOSIMAR SUPERMERCADOS,Gaseosa Cola Cunnington 2.25 Lt
2018-08-11,10-3-557,7790639001976,NA,Arzobispo Espinosa 1187,Arzobispo Espinosa 1187,Express,Gaseosa Cola Cunnington 2.25 Lt
2018-08-11,15-1-5146,7790639001976,NA,5146 - La Boca,Regimiento Patricios 154,Supermercados Dia,Gaseosa Cola Cunnington 2.25 Lt
2018-08-11,12-1-220,7791100000481,NA,BARRACAS,Gaspar M De Jovellanos 151,COTO CICSA,Azucar Tipo A Chango 1 Kg
2018-08-11,29-1-5,7791100000481,23.25,JOSIMAR,Av Montes De Oca 1597,JOSIMAR SUPERMERCADOS,Azucar Tipo A Chango 1 Kg
2018-08-11,10-3-557,7791100000481,20,Arzobispo Espinosa 1187,Arzobispo Espinosa 1187,Express,Azucar Tipo A Chango 1 Kg
2018-08-11,15-1-5146,7791100000481,21.39,5146 - La Boca,Regimiento Patricios 154,Supermercados Dia,Azucar Tipo A Chango 1 Kg
2018-08-11,12-1-220,7793360801709,54.99,BARRACAS,Gaspar M De Jovellanos 151,COTO CICSA,Mermelada de Ciruela Frasco La Campagnola 454 Gr
2018-08-11,29-1-5,7793360801709,57.9,JOSIMAR,Av Montes De Oca 1597,JOSIMAR SUPERMERCADOS,Mermelada de Ciruela Frasco La Campagnola 454 Gr
2018-08-11,10-3-557,7793360801709,58,Arzobispo Espinosa 1187,Arzobispo Espinosa 1187,Express,Mermelada de Ciruela Frasco La Campagnola 454 Gr
2018-08-11,15-1-5146,7793360801709,53.79,5146 - La Boca,Regimiento Patricios 154,Supermercados Dia,Mermelada de Ciruela Frasco La Campagnola 454 Gr
2018-08-11,12-1-220,7794000597730,NA,BARRACAS,Gaspar M De Jovellanos 151,COTO CICSA,Caldo de Gallina Wilde 12 Un
2018-08-11,29-1-5,7794000597730,23.5,JOSIMAR,Av Montes De Oca 1597,JOSIMAR SUPERMERCADOS,Caldo de Gallina Wilde 12 Un
2018-08-11,10-3-557,7794000597730,NA,Arzobispo Espinosa 1187,Arzobispo Espinosa 1187,Express,Caldo de Gallina Wilde 12 Un
2018-08-11,15-1-5146,7794000597730,23.09,5146 - La Boca,Regimiento Patricios 154,Supermercados Dia,Caldo de Gallina Wilde 12 Un
2018-08-11,12-1-220,7798031154221,35.89,BARRACAS,Gaspar M De Jovellanos 151,COTO CICSA,Fideos Mostacholes Knorr 500 Gr
2018-08-11,29-1-5,7798031154221,NA,JOSIMAR,Av Montes De Oca 1597,JOSIMAR SUPERMERCADOS,Fideos Mostacholes Knorr 500 Gr
2018-08-11,10-3-557,7798031154221,NA,Arzobispo Espinosa 1187,Arzobispo Espinosa 1187,Express,Fideos Mostacholes Knorr 500 Gr
2018-08-11,15-1-5146,7798031154221,NA,5146 - La Boca,Regimiento Patricios 154,Supermercados Dia,Fideos Mostacholes Knorr 500 Gr
2018-08-11,12-1-220,7791905002512,28.99,BARRACAS,Gaspar M De Jovellanos 151,COTO CICSA,Lavandina Concentrada Premium Querubin 1 Lt
2018-08-11,29-1-5,7791905002512,25.9,JOSIMAR,Av Montes De Oca 1597,JOSIMAR SUPERMERCADOS,Lavandina Concentrada Premium Querubin 1 Lt
2018-08-11,10-3-557,7791905002512,32,Arzobispo Espinosa 1187,Arzobispo Espinosa 1187,Express,Lavandina Concentrada Premium Querubin 1 Lt
2018-08-11,15-1-5146,7791905002512,28.49,5146 - La Boca,Regimiento Patricios 154,Supermercados Dia,Lavandina Concentrada Premium Querubin 1 Lt
2018-08-11,12-1-220,7791130052733,66.99,BARRACAS,Gaspar M De Jovellanos 151,COTO CICSA,Jabon Antibacterial Original Espadol 270 Gr
2018-08-11,29-1-5,7791130052733,NA,JOSIMAR,Av Montes De Oca 1597,JOSIMAR SUPERMERCADOS,Jabon Antibacterial Original Espadol 270 Gr
2018-08-11,10-3-557,7791130052733,75,Arzobispo Espinosa 1187,Arzobispo Espinosa 1187,Express,Jabon Antibacterial Original Espadol 270 Gr
2018-08-11,15-1-5146,7791130052733,69.99,5146 - La Boca,Regimiento Patricios 154,Supermercados Dia,Jabon Antibacterial Original Espadol 270 Gr
2018-08-11,12-1-220,7791337120204,60.25,BARRACAS,Gaspar M De Jovellanos 151,COTO CICSA,Queso Crema Untable Clasico Casancrem 300 Gr
2018-08-11,29-1-5,7791337120204,55,JOSIMAR,Av Montes De Oca 1597,JOSIMAR SUPERMERCADOS,Queso Crema Untable Clasico Casancrem 300 Gr
2018-08-11,10-3-557,7791337120204,63,Arzobispo Espinosa 1187,Arzobispo Espinosa 1187,Express,Queso Crema Untable Clasico Casancrem 300 Gr
2018-08-11,15-1-5146,7791337120204,59.99,5146 - La Boca,Regimiento Patricios 154,Supermercados Dia,Queso Crema Untable Clasico Casancrem 300 Gr
2018-08-11,12-1-220,7791293030937,73.29,BARRACAS,Gaspar M De Jovellanos 151,COTO CICSA,Acondicionador Ceramidas Sedal 340 Ml
2018-08-11,29-1-5,7791293030937,69.9,JOSIMAR,Av Montes De Oca 1597,JOSIMAR SUPERMERCADOS,Acondicionador Ceramidas Sedal 340 Ml
2018-08-11,10-3-557,7791293030937,NA,Arzobispo Espinosa 1187,Arzobispo Espinosa 1187,Express,Acondicionador Ceramidas Sedal 340 Ml
2018-08-11,15-1-5146,7791293030937,73.19,5146 - La Boca,Regimiento Patricios 154,Supermercados Dia,Acondicionador Ceramidas Sedal 340 Ml
2018-08-11,12-1-220,7791290012615,77.99,BARRACAS,Gaspar M De Jovellanos 151,COTO CICSA,Jabon en Polvo Baja Espuma Intel Perfect Results Skip 800 Gr
2018-08-11,29-1-5,7791290012615,76.9,JOSIMAR,Av Montes De Oca 1597,JOSIMAR SUPERMERCADOS,Jabon en Polvo Baja Espuma Intel Perfect Results Skip 800 Gr
2018-08-11,10-3-557,7791290012615,84,Arzobispo Espinosa 1187,Arzobispo Espinosa 1187,Express,Jabon en Polvo Baja Espuma Intel Perfect Results Skip 800 Gr
2018-08-11,15-1-5146,7791290012615,76.99,5146 - La Boca,Regimiento Patricios 154,Supermercados Dia,Jabon en Polvo Baja Espuma Intel Perfect Results Skip 800 Gr
2018-08-11,12-1-220,7798038152749,79.99,BARRACAS,Gaspar M De Jovellanos 151,COTO CICSA,Papel Higienico Doble Hoja Scott Rindemax Pack 4 Un 30 Mt
2018-08-11,29-1-5,7798038152749,79.9,JOSIMAR,Av Montes De Oca 1597,JOSIMAR SUPERMERCADOS,Papel Higienico Doble Hoja Scott Rindemax Pack 4 Un 30 Mt
2018-08-11,10-3-557,7798038152749,63,Arzobispo Espinosa 1187,Arzobispo Espinosa 1187,Express,Papel Higienico Doble Hoja Scott Rindemax Pack 4 Un 30 Mt
2018-08-11,15-1-5146,7798038152749,80.99,5146 - La Boca,Regimiento Patricios 154,Supermercados Dia,Papel Higienico Doble Hoja Scott Rindemax Pack 4 Un 30 Mt
2018-08-11,12-1-220,7796039001608,NA,BARRACAS,Gaspar M De Jovellanos 151,COTO CICSA,Aceite de Girasol Legitimo 1.5 Lt
2018-08-11,29-1-5,7796039001608,NA,JOSIMAR,Av Montes De Oca 1597,JOSIMAR SUPERMERCADOS,Aceite de Girasol Legitimo 1.5 Lt
2018-08-11,10-3-557,7796039001608,NA,Arzobispo Espinosa 1187,Arzobispo Espinosa 1187,Express,Aceite de Girasol Legitimo 1.5 Lt
2018-08-11,15-1-5146,7796039001608,NA,5146 - La Boca,Regimiento Patricios 154,Supermercados Dia,Aceite de Girasol Legitimo 1.5 Lt
2018-08-11,12-1-220,7791813423119,57,BARRACAS,Gaspar M De Jovellanos 151,COTO CICSA,Gaseosa Pepsi 2.25 Lt
2018-08-11,29-1-5,7791813423119,49.99,JOSIMAR,Av Montes De Oca 1597,JOSIMAR SUPERMERCADOS,Gaseosa Pepsi 2.25 Lt
2018-08-11,10-3-557,7791813423119,57,Arzobispo Espinosa 1187,Arzobispo Espinosa 1187,Express,Gaseosa Pepsi 2.25 Lt
2018-08-11,15-1-5146,7791813423119,52.99,5146 - La Boca,Regimiento Patricios 154,Supermercados Dia,Gaseosa Pepsi 2.25 Lt
2018-08-11,12-1-220,7506295302292,NA,BARRACAS,Gaspar M De Jovellanos 151,COTO CICSA,Shampoo Hidradisiaco Herbal Essences 300 Ml
2018-08-11,29-1-5,7506295302292,NA,JOSIMAR,Av Montes De Oca 1597,JOSIMAR SUPERMERCADOS,Shampoo Hidradisiaco Herbal Essences 300 Ml
2018-08-11,10-3-557,7506295302292,NA,Arzobispo Espinosa 1187,Arzobispo Espinosa 1187,Express,Shampoo Hidradisiaco Herbal Essences 300 Ml
2018-08-11,15-1-5146,7506295302292,74.39,5146 - La Boca,Regimiento Patricios 154,Supermercados Dia,Shampoo Hidradisiaco Herbal Essences 300 Ml
2018-08-11,12-1-220,7792540250450,25.89,BARRACAS,Gaspar M De Jovellanos 151,COTO CICSA,Azucar Molida Superior Ledesma 1 Kg
2018-08-11,29-1-5,7792540250450,NA,JOSIMAR,Av Montes De Oca 1597,JOSIMAR SUPERMERCADOS,Azucar Molida Superior Ledesma 1 Kg
2018-08-11,10-3-557,7792540250450,29,Arzobispo Espinosa 1187,Arzobispo Espinosa 1187,Express,Azucar Molida Superior Ledesma 1 Kg
2018-08-11,15-1-5146,7792540250450,25.89,5146 - La Boca,Regimiento Patricios 154,Supermercados Dia,Azucar Molida Superior Ledesma 1 Kg
2018-08-11,12-1-220,7791293018522,NA,BARRACAS,Gaspar M De Jovellanos 151,COTO CICSA,Jabon de Tocador Variedades Suave Pack 3 Un 270 Gr
2018-08-11,29-1-5,7791293018522,NA,JOSIMAR,Av Montes De Oca 1597,JOSIMAR SUPERMERCADOS,Jabon de Tocador Variedades Suave Pack 3 Un 270 Gr
2018-08-11,10-3-557,7791293018522,NA,Arzobispo Espinosa 1187,Arzobispo Espinosa 1187,Express,Jabon de Tocador Variedades Suave Pack 3 Un 270 Gr
2018-08-11,15-1-5146,7791293018522,NA,5146 - La Boca,Regimiento Patricios 154,Supermercados Dia,Jabon de Tocador Variedades Suave Pack 3 Un 270 Gr
2018-08-11,12-1-220,7501065904522,63.49,BARRACAS,Gaspar M De Jovellanos 151,COTO CICSA,Acondicionador Hidradisiaco Herbal Essences 300 Ml
2018-08-11,29-1-5,7501065904522,72.99,JOSIMAR,Av Montes De Oca 1597,JOSIMAR SUPERMERCADOS,Acondicionador Hidradisiaco Herbal Essences 300 Ml
2018-08-11,10-3-557,7501065904522,NA,Arzobispo Espinosa 1187,Arzobispo Espinosa 1187,Express,Acondicionador Hidradisiaco Herbal Essences 300 Ml
2018-08-11,15-1-5146,7501065904522,74.39,5146 - La Boca,Regimiento Patricios 154,Supermercados Dia,Acondicionador Hidradisiaco Herbal Essences 300 Ml
2018-08-11,12-1-220,7790070410603,33.99,BARRACAS,Gaspar M De Jovellanos 151,COTO CICSA,Arroz Largo Fino Lucchetti 1 Kg
2018-08-11,29-1-5,7790070410603,33,JOSIMAR,Av Montes De Oca 1597,JOSIMAR SUPERMERCADOS,Arroz Largo Fino Lucchetti 1 Kg
2018-08-11,10-3-557,7790070410603,32,Arzobispo Espinosa 1187,Arzobispo Espinosa 1187,Express,Arroz Largo Fino Lucchetti 1 Kg
2018-08-11,15-1-5146,7790070410603,33.99,5146 - La Boca,Regimiento Patricios 154,Supermercados Dia,Arroz Largo Fino Lucchetti 1 Kg
2018-08-11,12-1-220,7790070318596,32.99,BARRACAS,Gaspar M De Jovellanos 151,COTO CICSA,Fideos Mostacholes Rayado Matarazzo 500 Gr
2018-08-11,29-1-5,7790070318596,32,JOSIMAR,Av Montes De Oca 1597,JOSIMAR SUPERMERCADOS,Fideos Mostacholes Rayado Matarazzo 500 Gr
2018-08-11,10-3-557,7790070318596,36,Arzobispo Espinosa 1187,Arzobispo Espinosa 1187,Express,Fideos Mostacholes Rayado Matarazzo 500 Gr
2018-08-11,15-1-5146,7790070318596,32.99,5146 - La Boca,Regimiento Patricios 154,Supermercados Dia,Fideos Mostacholes Rayado Matarazzo 500 Gr
2018-08-11,12-1-220,7791293030777,73.29,BARRACAS,Gaspar M De Jovellanos 151,COTO CICSA,Shampoo Ceramidas Sedal 340 Ml
2018-08-11,29-1-5,7791293030777,69.9,JOSIMAR,Av Montes De Oca 1597,JOSIMAR SUPERMERCADOS,Shampoo Ceramidas Sedal 340 Ml
2018-08-11,10-3-557,7791293030777,NA,Arzobispo Espinosa 1187,Arzobispo Espinosa 1187,Express,Shampoo Ceramidas Sedal 340 Ml
2018-08-11,15-1-5146,7791293030777,73.19,5146 - La Boca,Regimiento Patricios 154,Supermercados Dia,Shampoo Ceramidas Sedal 340 Ml
2018-08-11,12-1-220,7790895000997,72,BARRACAS,Gaspar M De Jovellanos 151,COTO CICSA,Coca Cola Sabor Original 2.25 Lt
2018-08-11,29-1-5,7790895000997,65,JOSIMAR,Av Montes De Oca 1597,JOSIMAR SUPERMERCADOS,Coca Cola Sabor Original 2.25 Lt
2018-08-11,10-3-557,7790895000997,70,Arzobispo Espinosa 1187,Arzobispo Espinosa 1187,Express,Coca Cola Sabor Original 2.25 Lt
2018-08-11,15-1-5146,7790895000997,69.49,5146 - La Boca,Regimiento Patricios 154,Supermercados Dia,Coca Cola Sabor Original 2.25 Lt
2018-08-11,12-1-220,7792798007387,51,BARRACAS,Gaspar M De Jovellanos 151,COTO CICSA,Cerveza Rubia Cristal Quilmes 1 Lt
2018-08-11,29-1-5,7792798007387,51,JOSIMAR,Av Montes De Oca 1597,JOSIMAR SUPERMERCADOS,Cerveza Rubia Cristal Quilmes 1 Lt
2018-08-11,10-3-557,7792798007387,59,Arzobispo Espinosa 1187,Arzobispo Espinosa 1187,Express,Cerveza Rubia Cristal Quilmes 1 Lt
2018-08-11,15-1-5146,7792798007387,48.99,5146 - La Boca,Regimiento Patricios 154,Supermercados Dia,Cerveza Rubia Cristal Quilmes 1 Lt
2018-08-11,12-1-220,2400592000002,NA,BARRACAS,Gaspar M De Jovellanos 151,COTO CICSA,Chorizo Especial x 1 Kg
2018-08-11,29-1-5,2400592000002,NA,JOSIMAR,Av Montes De Oca 1597,JOSIMAR SUPERMERCADOS,Chorizo Especial x 1 Kg
2018-08-11,10-3-557,2400592000002,NA,Arzobispo Espinosa 1187,Arzobispo Espinosa 1187,Express,Chorizo Especial x 1 Kg
2018-08-11,15-1-5146,2400592000002,NA,5146 - La Boca,Regimiento Patricios 154,Supermercados Dia,Chorizo Especial x 1 Kg
2018-08-11,12-1-220,7500435012355,122.99,BARRACAS,Gaspar M De Jovellanos 151,COTO CICSA,Acondicionador Hidratacion Max Pro V Pantene 400 Ml
2018-08-11,29-1-5,7500435012355,132.9,JOSIMAR,Av Montes De Oca 1597,JOSIMAR SUPERMERCADOS,Acondicionador Hidratacion Max Pro V Pantene 400 Ml
2018-08-11,10-3-557,7500435012355,NA,Arzobispo Espinosa 1187,Arzobispo Espinosa 1187,Express,Acondicionador Hidratacion Max Pro V Pantene 400 Ml
2018-08-11,15-1-5146,7500435012355,122.19,5146 - La Boca,Regimiento Patricios 154,Supermercados Dia,Acondicionador Hidratacion Max Pro V Pantene 400 Ml
2018-08-11,12-1-220,7790520018649,25.99,BARRACAS,Gaspar M De Jovellanos 151,COTO CICSA,Limpiador Liquido para Vidrios y Multiuso Doypack Mr Musculo 450 Ml
2018-08-11,29-1-5,7790520018649,26.9,JOSIMAR,Av Montes De Oca 1597,JOSIMAR SUPERMERCADOS,Limpiador Liquido para Vidrios y Multiuso Doypack Mr Musculo 450 Ml
2018-08-11,10-3-557,7790520018649,30,Arzobispo Espinosa 1187,Arzobispo Espinosa 1187,Express,Limpiador Liquido para Vidrios y Multiuso Doypack Mr Musculo 450 Ml
2018-08-11,15-1-5146,7790520018649,25.89,5146 - La Boca,Regimiento Patricios 154,Supermercados Dia,Limpiador Liquido para Vidrios y Multiuso Doypack Mr Musculo 450 Ml
2018-08-11,12-1-220,7793147000899,78,BARRACAS,Gaspar M De Jovellanos 151,COTO CICSA,Cerveza Rubia Heineken 1 Lt
2018-08-11,29-1-5,7793147000899,78,JOSIMAR,Av Montes De Oca 1597,JOSIMAR SUPERMERCADOS,Cerveza Rubia Heineken 1 Lt
2018-08-11,10-3-557,7793147000899,85,Arzobispo Espinosa 1187,Arzobispo Espinosa 1187,Express,Cerveza Rubia Heineken 1 Lt
2018-08-11,15-1-5146,7793147000899,75.69,5146 - La Boca,Regimiento Patricios 154,Supermercados Dia,Cerveza Rubia Heineken 1 Lt
2018-08-11,12-1-220,7790150006122,59.99,BARRACAS,Gaspar M De Jovellanos 151,COTO CICSA,Cafe Molido Torrado Clasico Equilibrado La Virginia 250 Gr
2018-08-11,29-1-5,7790150006122,65,JOSIMAR,Av Montes De Oca 1597,JOSIMAR SUPERMERCADOS,Cafe Molido Torrado Clasico Equilibrado La Virginia 250 Gr
2018-08-11,10-3-557,7790150006122,57,Arzobispo Espinosa 1187,Arzobispo Espinosa 1187,Express,Cafe Molido Torrado Clasico Equilibrado La Virginia 250 Gr
2018-08-11,15-1-5146,7790150006122,57.69,5146 - La Boca,Regimiento Patricios 154,Supermercados Dia,Cafe Molido Torrado Clasico Equilibrado La Virginia 250 Gr
2018-08-11,12-1-220,7790742163905,76.9,BARRACAS,Gaspar M De Jovellanos 151,COTO CICSA,Queso Untable Finlandia 300 Gr
2018-08-11,29-1-5,7790742163905,70,JOSIMAR,Av Montes De Oca 1597,JOSIMAR SUPERMERCADOS,Queso Untable Finlandia 300 Gr
2018-08-11,10-3-557,7790742163905,NA,Arzobispo Espinosa 1187,Arzobispo Espinosa 1187,Express,Queso Untable Finlandia 300 Gr
2018-08-11,15-1-5146,7790742163905,74.19,5146 - La Boca,Regimiento Patricios 154,Supermercados Dia,Queso Untable Finlandia 300 Gr
2018-08-11,12-1-220,7791290001008,40.99,BARRACAS,Gaspar M De Jovellanos 151,COTO CICSA,Jabon en Polvo Baja Espuma Lavado Total Granby 800 Gr
2018-08-11,29-1-5,7791290001008,35.9,JOSIMAR,Av Montes De Oca 1597,JOSIMAR SUPERMERCADOS,Jabon en Polvo Baja Espuma Lavado Total Granby 800 Gr
2018-08-11,10-3-557,7791290001008,NA,Arzobispo Espinosa 1187,Arzobispo Espinosa 1187,Express,Jabon en Polvo Baja Espuma Lavado Total Granby 800 Gr
2018-08-11,15-1-5146,7791290001008,39.99,5146 - La Boca,Regimiento Patricios 154,Supermercados Dia,Jabon en Polvo Baja Espuma Lavado Total Granby 800 Gr
2018-08-11,12-1-220,7792798007424,NA,BARRACAS,Gaspar M De Jovellanos 151,COTO CICSA,Cerveza Rubia Bajo Cero Quilmes 1 Lt
2018-08-11,29-1-5,7792798007424,NA,JOSIMAR,Av Montes De Oca 1597,JOSIMAR SUPERMERCADOS,Cerveza Rubia Bajo Cero Quilmes 1 Lt
2018-08-11,10-3-557,7792798007424,60,Arzobispo Espinosa 1187,Arzobispo Espinosa 1187,Express,Cerveza Rubia Bajo Cero Quilmes 1 Lt
2018-08-11,15-1-5146,7792798007424,49.49,5146 - La Boca,Regimiento Patricios 154,Supermercados Dia,Cerveza Rubia Bajo Cero Quilmes 1 Lt
2018-08-11,12-1-220,7790070507235,20.69,BARRACAS,Gaspar M De Jovellanos 151,COTO CICSA,Harina de Trigo 000 con Vita Zinc Favorita 1 Kg
2018-08-11,29-1-5,7790070507235,20,JOSIMAR,Av Montes De Oca 1597,JOSIMAR SUPERMERCADOS,Harina de Trigo 000 con Vita Zinc Favorita 1 Kg
2018-08-11,10-3-557,7790070507235,23,Arzobispo Espinosa 1187,Arzobispo Espinosa 1187,Express,Harina de Trigo 000 con Vita Zinc Favorita 1 Kg
2018-08-11,15-1-5146,7790070507235,22.49,5146 - La Boca,Regimiento Patricios 154,Supermercados Dia,Harina de Trigo 000 con Vita Zinc Favorita 1 Kg
2018-08-11,12-1-220,7790387113310,105.59,BARRACAS,Gaspar M De Jovellanos 151,COTO CICSA,Yerba Mate con Palo Origen Controlado Taragui 1 Kg
2018-08-11,29-1-5,7790387113310,105,JOSIMAR,Av Montes De Oca 1597,JOSIMAR SUPERMERCADOS,Yerba Mate con Palo Origen Controlado Taragui 1 Kg
2018-08-11,10-3-557,7790387113310,113,Arzobispo Espinosa 1187,Arzobispo Espinosa 1187,Express,Yerba Mate con Palo Origen Controlado Taragui 1 Kg
2018-08-11,15-1-5146,7790387113310,NA,5146 - La Boca,Regimiento Patricios 154,Supermercados Dia,Yerba Mate con Palo Origen Controlado Taragui 1 Kg
2018-08-11,12-1-220,7793704000225,109.39,BARRACAS,Gaspar M De Jovellanos 151,COTO CICSA,Yerba Mate con Palo Playadito 1 Kg
2018-08-11,29-1-5,7793704000225,105,JOSIMAR,Av Montes De Oca 1597,JOSIMAR SUPERMERCADOS,Yerba Mate con Palo Playadito 1 Kg
2018-08-11,10-3-557,7793704000225,109,Arzobispo Espinosa 1187,Arzobispo Espinosa 1187,Express,Yerba Mate con Palo Playadito 1 Kg
2018-08-11,15-1-5146,7793704000225,109.99,5146 - La Boca,Regimiento Patricios 154,Supermercados Dia,Yerba Mate con Palo Playadito 1 Kg
2018-08-11,12-1-220,7622300724269,26.99,BARRACAS,Gaspar M De Jovellanos 151,COTO CICSA,Fideos Mostacholes Rayados Terrabusi 500 Gr
2018-08-11,29-1-5,7622300724269,25,JOSIMAR,Av Montes De Oca 1597,JOSIMAR SUPERMERCADOS,Fideos Mostacholes Rayados Terrabusi 500 Gr
2018-08-11,10-3-557,7622300724269,30,Arzobispo Espinosa 1187,Arzobispo Espinosa 1187,Express,Fideos Mostacholes Rayados Terrabusi 500 Gr
2018-08-11,15-1-5146,7622300724269,NA,5146 - La Boca,Regimiento Patricios 154,Supermercados Dia,Fideos Mostacholes Rayados Terrabusi 500 Gr
2018-08-11,12-1-220,7790250019565,76.99,BARRACAS,Gaspar M De Jovellanos 151,COTO CICSA,Papel Higienico Doble Hoja Premium Higienol Pack 4 Un 120 Mt
2018-08-11,29-1-5,7790250019565,74.9,JOSIMAR,Av Montes De Oca 1597,JOSIMAR SUPERMERCADOS,Papel Higienico Doble Hoja Premium Higienol Pack 4 Un 120 Mt
2018-08-11,10-3-557,7790250019565,83,Arzobispo Espinosa 1187,Arzobispo Espinosa 1187,Express,Papel Higienico Doble Hoja Premium Higienol Pack 4 Un 120 Mt
2018-08-11,15-1-5146,7790250019565,NA,5146 - La Boca,Regimiento Patricios 154,Supermercados Dia,Papel Higienico Doble Hoja Premium Higienol Pack 4 Un 120 Mt
